country,pitcher_name,pitch_type,pitch_name,pitches,avg_velocity,avg_spin,avg_horizontal_break,avg_vertical_break,usage_pct
Cuba,Aroldis Chapman,FF,4-Seam Fastball,357,98.38,2448.0,0.29,1.54,39.27
Cuba,Aroldis Chapman,SI,Sinker,309,99.42,2434.0,0.91,1.42,33.99
Cuba,Aroldis Chapman,SL,Slider,138,86.66,2316.0,-0.86,0.39,15.18
Cuba,Aroldis Chapman,FS,Split-Finger,102,91.22,1276.0,0.43,0.33,11.22
Cuba,Aroldis Chapman,,,3,,,,,0.33
Cuba,Johan Oviedo,FF,4-Seam Fastball,246,95.49,2340.0,-0.49,1.27,36.88
Cuba,Johan Oviedo,SL,Slider,214,86.71,2385.0,0.54,0.15,32.08
Cuba,Johan Oviedo,CU,Curveball,105,77.74,2281.0,0.74,-0.19,15.74
Cuba,Johan Oviedo,SI,Sinker,61,95.1,2281.0,-1.22,0.67,9.15
Cuba,Johan Oviedo,CH,Changeup,39,88.58,1880.0,-1.34,0.58,5.85
Cuba,Johan Oviedo,,,2,,,,,0.3
Cuba,Raisel Iglesias,FF,4-Seam Fastball,382,94.87,2344.0,-0.75,1.25,39.83
Cuba,Raisel Iglesias,CH,Changeup,262,88.75,1994.0,-1.32,0.37,27.32
Cuba,Raisel Iglesias,SI,Sinker,213,94.66,2333.0,-1.38,0.76,22.21
Cuba,Raisel Iglesias,SL,Slider,92,83.78,2635.0,0.83,0.37,9.59
Cuba,Raisel Iglesias,,,10,,,,,1.04
Cuba,Yariel Rodriguez,SL,Slider,460,85.59,2767.0,0.58,0.04,41.07
Cuba,Yariel Rodriguez,FF,4-Seam Fastball,444,95.7,2449.0,-0.34,1.12,39.64
Cuba,Yariel Rodriguez,FS,Split-Finger,135,89.33,1600.0,-1.28,0.41,12.05
Cuba,Yariel Rodriguez,SI,Sinker,67,95.48,2395.0,-1.36,0.89,5.98
Cuba,Yariel Rodriguez,,,13,,,,,1.16
Cuba,Yariel Rodriguez,PO,Pitch Out,1,94.1,2441.0,-0.26,1.21,0.09
Cuba,Yennier Cano,SI,Sinker,443,95.11,2063.0,-1.42,-0.11,46.1
Cuba,Yennier Cano,ST,Sweeper,174,85.99,2471.0,1.04,-0.02,18.11
Cuba,Yennier Cano,CH,Changeup,116,91.8,1850.0,-1.49,0.16,12.07
Cuba,Yennier Cano,FF,4-Seam Fastball,111,94.9,2197.0,-1.14,0.62,11.55
Cuba,Yennier Cano,FS,Split-Finger,71,90.63,1468.0,-1.1,-0.36,7.39
Cuba,Yennier Cano,FC,Cutter,25,91.87,2153.0,-0.55,0.19,2.6
Cuba,Yennier Cano,SL,Slider,15,87.2,2363.0,0.35,0.02,1.56
Cuba,Yennier Cano,,,6,,,,,0.62
Dominican Republic,Cristopher Sanchez,SI,Sinker,1289,95.35,2138.0,1.52,0.37,45.97
Dominican Republic,Cristopher Sanchez,CH,Changeup,1044,86.24,2045.0,1.41,-0.09,37.23
Dominican Republic,Cristopher Sanchez,SL,Slider,470,85.67,2089.0,-0.13,-0.05,16.76
Dominican Republic,Cristopher Sanchez,,,1,,,,,0.04
Dominican Republic,Framber Valdez,SI,Sinker,1276,94.21,2202.0,1.3,0.5,45.44
Dominican Republic,Framber Valdez,CU,Curveball,926,79.4,2943.0,-1.1,-1.23,32.98
Dominican Republic,Framber Valdez,CH,Changeup,506,89.82,1709.0,1.22,0.07,18.02
Dominican Republic,Framber Valdez,SL,Slider,88,84.35,2540.0,-0.32,-0.22,3.13
Dominican Republic,Framber Valdez,,,7,,,,,0.25
Dominican Republic,Framber Valdez,FF,4-Seam Fastball,5,95.54,2230.0,0.7,1.22,0.18
Dominican Republic,Luis Castillo,FF,4-Seam Fastball,1351,94.98,2211.0,-1.08,1.03,46.51
Dominican Republic,Luis Castillo,SI,Sinker,640,94.84,2035.0,-1.54,0.31,22.03
Dominican Republic,Luis Castillo,SL,Slider,590,84.49,2250.0,0.08,-0.04,20.31
Dominican Republic,Luis Castillo,CH,Changeup,324,87.17,1974.0,-1.47,-0.05,11.15
Dominican Republic,Ronel Blanco,FF,4-Seam Fastball,254,93.25,2254.0,-0.56,1.56,36.18
Dominican Republic,Ronel Blanco,SL,Slider,213,85.53,2129.0,0.24,0.54,30.34
Dominican Republic,Ronel Blanco,CU,Curveball,148,80.13,2211.0,0.85,-0.11,21.08
Dominican Republic,Ronel Blanco,CH,Changeup,86,84.43,1507.0,-1.13,0.53,12.25
Dominican Republic,Ronel Blanco,,,1,,,,,0.14
Dominican Republic,Sandy Alcantara,SI,Sinker,717,97.14,2321.0,-1.43,0.71,25.59
Dominican Republic,Sandy Alcantara,CH,Changeup,652,90.44,2092.0,-1.45,0.4,23.27
Dominican Republic,Sandy Alcantara,SL,Slider,490,85.27,2445.0,0.23,-0.14,17.49
Dominican Republic,Sandy Alcantara,FF,4-Seam Fastball,476,97.72,2284.0,-1.17,1.09,16.99
Dominican Republic,Sandy Alcantara,FC,Cutter,465,89.3,2350.0,0.08,0.4,16.6
Dominican Republic,Sandy Alcantara,,,2,,,,,0.07
Japan,Kodai Senga,FF,4-Seam Fastball,597,94.68,2380.0,-0.64,1.37,31.29
Japan,Kodai Senga,FO,Forkball,542,82.51,1193.0,-0.83,0.06,28.41
Japan,Kodai Senga,FC,Cutter,389,89.59,2469.0,-0.08,0.72,20.39
Japan,Kodai Senga,ST,Sweeper,148,80.04,2554.0,0.69,-0.19,7.76
Japan,Kodai Senga,SI,Sinker,114,88.6,2210.0,-1.32,0.55,5.97
Japan,Kodai Senga,SL,Slider,78,83.7,2460.0,0.04,0.19,4.09
Japan,Kodai Senga,CU,Curveball,32,68.47,2440.0,0.39,-0.96,1.68
Japan,Kodai Senga,,,6,67.7,1523.0,-0.45,1.42,0.31
Japan,Kodai Senga,EP,Eephus,1,50.7,1105.0,-0.45,1.04,0.05
Japan,Kodai Senga,PO,Pitch Out,1,79.3,1284.0,-0.96,0.35,0.05
Japan,Shohei Ohtani,FF,4-Seam Fastball,292,98.42,2467.0,-0.44,1.21,38.78
Japan,Shohei Ohtani,ST,Sweeper,172,84.98,2594.0,1.1,0.28,22.84
Japan,Shohei Ohtani,SL,Slider,85,88.12,2547.0,0.28,-0.04,11.29
Japan,Shohei Ohtani,CU,Curveball,66,78.57,2653.0,0.91,-1.14,8.76
Japan,Shohei Ohtani,SI,Sinker,53,96.21,2138.0,-1.18,0.56,7.04
Japan,Shohei Ohtani,FC,Cutter,50,93.87,2532.0,0.18,0.63,6.64
Japan,Shohei Ohtani,FS,Split-Finger,35,90.3,1508.0,-1.11,0.21,4.65
Japan,Shota Imanaga,FF,4-Seam Fastball,980,90.73,2480.0,1.0,1.49,48.56
Japan,Shota Imanaga,FS,Split-Finger,626,82.96,1287.0,1.08,0.55,31.02
Japan,Shota Imanaga,ST,Sweeper,343,80.33,2535.0,-1.0,0.15,17.0
Japan,Shota Imanaga,CU,Curveball,31,71.63,2503.0,-0.88,-1.03,1.54
Japan,Shota Imanaga,SI,Sinker,25,88.21,1773.0,1.22,0.78,1.24
Japan,Shota Imanaga,SL,Slider,11,81.55,2521.0,-0.1,0.55,0.55
Japan,Shota Imanaga,,,2,,,,,0.1
Japan,Yoshinobu Yamamoto,FF,4-Seam Fastball,918,95.35,2198.0,-0.57,1.33,34.93
Japan,Yoshinobu Yamamoto,FS,Split-Finger,652,90.87,1422.0,-0.93,0.17,24.81
Japan,Yoshinobu Yamamoto,CU,Curveball,467,76.79,2762.0,1.0,-1.34,17.77
Japan,Yoshinobu Yamamoto,FC,Cutter,303,91.14,2434.0,0.29,0.65,11.53
Japan,Yoshinobu Yamamoto,SI,Sinker,209,94.76,2238.0,-1.13,1.0,7.95
Japan,Yoshinobu Yamamoto,SL,Slider,76,86.33,2781.0,0.49,0.06,2.89
Japan,Yoshinobu Yamamoto,,,2,95.0,2274.0,-1.4,0.94,0.08
Japan,Yoshinobu Yamamoto,ST,Sweeper,1,84.2,2981.0,1.24,-0.73,0.04
Japan,Yusei Kikuchi,SL,Slider,1089,86.99,2297.0,-0.24,0.31,36.04
Japan,Yusei Kikuchi,FF,4-Seam Fastball,1047,94.84,2184.0,0.78,1.28,34.65
Japan,Yusei Kikuchi,CU,Curveball,468,79.89,2529.0,-0.58,-0.49,15.49
Japan,Yusei Kikuchi,CH,Changeup,365,85.59,1541.0,1.13,0.56,12.08
Japan,Yusei Kikuchi,SI,Sinker,32,93.06,2183.0,1.24,0.76,1.06
Japan,Yusei Kikuchi,,,15,,,,,0.5
Japan,Yusei Kikuchi,ST,Sweeper,6,80.83,2389.0,-1.16,0.23,0.2
USA,Chris Sale,SL,Slider,925,79.08,2359.0,-0.87,-0.24,47.51
USA,Chris Sale,FF,4-Seam Fastball,821,94.85,2266.0,1.25,0.78,42.17
USA,Chris Sale,CH,Changeup,136,86.91,1837.0,1.37,-0.03,6.99
USA,Chris Sale,SI,Sinker,65,94.14,2113.0,1.51,0.14,3.34
USA,Corbin Burnes,FC,Cutter,555,94.08,2662.0,0.2,1.02,54.95
USA,Corbin Burnes,CU,Curveball,194,80.03,2811.0,0.81,-0.96,19.21
USA,Corbin Burnes,SI,Sinker,97,95.61,2496.0,-1.05,0.91,9.6
USA,Corbin Burnes,SL,Slider,90,87.85,2848.0,0.52,0.12,8.91
USA,Corbin Burnes,CH,Changeup,73,88.35,2176.0,-1.28,0.65,7.23
USA,Corbin Burnes,,,1,,,,,0.1
USA,Max Fried,FC,Cutter,860,93.56,2303.0,-0.12,0.74,28.51
USA,Max Fried,CU,Curveball,527,75.24,2919.0,-0.88,-1.41,17.47
USA,Max Fried,SI,Sinker,527,94.03,2131.0,0.83,0.36,17.47
USA,Max Fried,FF,4-Seam Fastball,371,95.93,2213.0,0.26,1.26,12.3
USA,Max Fried,ST,Sweeper,350,81.52,2838.0,-1.44,-0.3,11.6
USA,Max Fried,CH,Changeup,329,85.3,1654.0,1.12,0.3,10.91
USA,Max Fried,SL,Slider,51,85.51,2560.0,-0.38,-0.04,1.69
USA,Max Fried,,,1,,,,,0.03
USA,Zack Wheeler,FF,4-Seam Fastball,939,96.08,2472.0,-0.84,1.22,40.88
USA,Zack Wheeler,SI,Sinker,399,95.46,2313.0,-1.46,0.62,17.37
USA,Zack Wheeler,ST,Sweeper,346,83.71,2673.0,1.14,0.22,15.06
USA,Zack Wheeler,CU,Curveball,222,81.16,2813.0,1.05,-0.87,9.66
USA,Zack Wheeler,FS,Split-Finger,201,87.1,1535.0,-1.09,0.35,8.75
USA,Zack Wheeler,FC,Cutter,190,91.83,2568.0,0.07,0.77,8.27
Venezuela,Carlos Carrasco,SL,Slider,184,84.35,2342.0,0.2,0.35,24.9
Venezuela,Carlos Carrasco,SI,Sinker,164,90.3,2045.0,-1.15,0.4,22.19
Venezuela,Carlos Carrasco,CH,Changeup,159,84.85,1231.0,-0.63,0.1,21.52
Venezuela,Carlos Carrasco,FF,4-Seam Fastball,153,91.41,2177.0,-0.44,1.0,20.7
Venezuela,Carlos Carrasco,CU,Curveball,77,77.8,2569.0,0.67,-0.47,10.42
Venezuela,Carlos Carrasco,ST,Sweeper,2,77.7,2420.0,1.12,-0.22,0.27
Venezuela,Jesus Luzardo,FF,4-Seam Fastball,968,96.49,2238.0,1.0,1.17,33.15
Venezuela,Jesus Luzardo,ST,Sweeper,946,86.09,2287.0,-0.73,-0.02,32.4
Venezuela,Jesus Luzardo,CH,Changeup,507,87.85,1930.0,1.37,0.6,17.36
Venezuela,Jesus Luzardo,SI,Sinker,314,95.79,2228.0,1.41,0.7,10.75
Venezuela,Jesus Luzardo,SL,Slider,183,86.57,2389.0,0.03,0.1,6.27
Venezuela,Jesus Luzardo,,,2,90.9,,1.37,0.87,0.07
Venezuela,Pablo Lopez,FF,4-Seam Fastball,482,94.45,2171.0,-0.54,1.19,41.13
Venezuela,Pablo Lopez,ST,Sweeper,250,84.85,2413.0,1.03,0.01,21.33
Venezuela,Pablo Lopez,CH,Changeup,249,87.34,1801.0,-1.24,0.23,21.25
Venezuela,Pablo Lopez,CU,Curveball,119,82.7,2601.0,0.58,-0.97,10.15
Venezuela,Pablo Lopez,SI,Sinker,71,93.72,2050.0,-1.26,0.6,6.06
Venezuela,Pablo Lopez,PO,Pitch Out,1,94.5,2199.0,-0.62,1.17,0.09
Venezuela,Ranger Suarez,SI,Sinker,696,90.11,1981.0,1.31,0.41,28.62
Venezuela,Ranger Suarez,CH,Changeup,464,79.51,1285.0,0.91,0.27,19.08
Venezuela,Ranger Suarez,FC,Cutter,427,86.39,2111.0,-0.22,0.51,17.56
Venezuela,Ranger Suarez,CU,Curveball,391,73.92,2109.0,-0.95,-0.72,16.08
Venezuela,Ranger Suarez,FF,4-Seam Fastball,352,91.34,1949.0,0.51,0.96,14.47
Venezuela,Ranger Suarez,SL,Slider,100,79.57,2164.0,-0.69,0.45,4.11
Venezuela,Ranger Suarez,,,2,,,,,0.08
